http://kirocuto.tumblr.com			Matthew Coleman
http://scoot1243.wordpress.com		Scott A Conway
http://crozierdavid.tumblr.com		David S Crozier
http://pjcfifa.tumblr.com			Patrick Cunniff
http://rosefox911.tumblr.com/		Jorge L Delgado
http://dasterminal.tumblr.com		Pranav Gandhi
http://chh-neu.blogspot.com/		Corey A Hanson
http://sqrt-of-n8.tumblr.com		Nathan Heaps
http://holmes4550.tumblr.com		Nathan D Holmes
http://wdlog-th.tumblr.com/			Tangqian Hong
http://swimmfrog.wordpress.com/		Devin Hurd
http://phurlburt.tumblr.com/		Peter Hurlburt
http://wjcs4550.tumblr.com/			William Jackson
http://zkniebel.blogspot.com		Zachary E Kniebel
http://www.lernerb.com/blog/		Brandon Lerner
http://cs4550.blogspot.com/			Christopher H McConnell
http://esthermichel.wordpress.com/	Esther Michel
http://nguyen-neu.blogspot.com/		Nguyen Nguyen
http://cs4550tnguyen.tumblr.com		Thang D. Nguyen
http://bn721.tumblr.com/			Brian Ninni
http://conorao.wordpress.com		Conor Odell
http://kyleoestreich.wordpress.com/ Kyle Oestreich
http://perruzzi.tumblr.com			Dan Perruzzi
http://alexseeto.tumblr.com			Alexander Seeto
http://kelseysimmonswebdev.tumblr.com Kelsey Simmons 
http://souveycs4550.tumblr.com/		Christopher Souvey
http://www.iambob.me/blog/7/		Robert J Steinbach
http://tsujics4550.tumblr.com		Joshua Tsuji 
http://venturacs4550.tumblr.com		Allison Ventura
http://mlgbd.blogspot.com			Zhenyu Wang 