http://ltacosta.com/#blog				Lennon Acosta	(acosta.l)
https://nickalekhine.herokuapp.com/cs4550	Nick Alekhine	(alekhine.n)
http://gregwebdev.tumblr.com			Greg Balek	(balek.g)
http://nbessaccis.tumblr.com/			Nate Bessa		(bessa.n)
http://chenkevincs4550.weebly.com		Kevin Chen	(chen.kev)
http://jesuscheng.tumblr.com/			Jesus Cheng Pan	(chengpan.j)
http://samdoylecs4550.wordpress.com		Sam Doyle	(doyle.sa)
http://nhahncs.blogspot.com/			Nathaniel Hahn	(hahn.n)
http://jacobhilkercs4550.blogspot.com	Jacob Hilker	(hilker.j)
http://danieljincs.tumblr.com			Daniel Jin	(jin.d)
http://mkingwebdev.wordpress.com		Matthew king	(king.matthew)
http://jlane09sjp.tumblr.com			Jonathan Lane	(lane.jo)
http://wjlee.me/wordpress/		Wanfung lee	(lee.wanf)
http://hyphnKnight.tumblr.com			Rafe Lepre	(lepre.r)
http://kshitijcs4550.blogspot.com		Kshitij Raj Lohani	(lohani.k)
http://tommeng.tumblr.com				Thomas Meng	(meng.t)
http://webdevadventures2014.blogspot.com	Lori Monteleone	(monteleone.l)
http://anadercs4550.blogspot.com		Andrew Nader	(nader.a)
http://evannoyes.tumblr.com				Evan Noyes	(noyes.e)
http://koleary94.tumblr.com/			Kevin O'Leary	(oleary.kev)
http://cs4550sp.tumblr.com/				Sarah Parker	(parker.sar)
http://www.sirbraydon.wordpress.com		Brayden Puddington	(puddington.b)
http://skreiff.wordpress.com/			Savannah Reiff	(reiff.s)
http://www.eduardoromeiro.com/blog/		Eduardo Romeiro	(romeiro.e)
http://tcrosiniwebdev.tumblr.com		Tyler Rosini	(rosini.t)
http://www.michaelsaccone.com/blog/		Michael Saccone	(saccone.m)
http://lizarr.tumblr.com/				Adam Sasi(sasi.a)
http://scorzellijo.wordpress.com/		Jonathan Scorzelli	(scorzelli.jo)
http://Dsimond.weebly.com				Daniel Simond	(simond.d) 
http://qimengsong.com/blog/				Qimeng Song	(song.q)
http://scottsurette.tumblr.com/			Scott Surette	(surette.s)
http://cungtv.blogspot.com				Cung Tran	(tran.cun)
http://gummyjef.yolasite.com			Jeffrey Tung	(tung.j)
http://cvuongwebdev.blogspot.com/		Chung Vuong	(vuong.c)
http://bardwang.blogspot.com/			Xun Wang	(wang.xun)