http://kirocuto.com			Matthew Coleman	(coleman.mat)
http://sconway.com			Scott A Conway	(conway.sc)
http://crozierdavid.com		David S Crozier	(crozier.d)
http://tomatonose.com/		Patrick Cunniff	(cunniff.p)
http://jorgedelgado.net/	Jorge L Delgado	(delgado.j)
http://www.chh-neu.com		Corey A Hanson	(hanson.co)
http://www.nathanheaps.com	Nathan Heaps	(heaps.n)
http://holmes4550.com		Nathan D Holmes	(holmes.na)
http://yaojingshe.org		Tangqian Hong	(hong.t)
http://swimmfrog.com/		Devin Hurd		(hurd.de)
http://www.phurlburt.com/	Peter Hurlburt	(hurlburt.p)
http://wjcs4550.com 		William Jackson (jackson.w)
http://soleracms.com		Zachary E Kniebel	(kniebel.z)
http://www.lernerb.com/		Brandon Lerner	(lerner.b)
http://cmcconnell.net/		Christopher H McConnell	(mcconnell.c)
http://estherrmichel.com/	Esther Michel	(michel.e)
http://www.nguyen-neu.com	Nguyen Nguyen	(nguyen.ngu)
http://www.bninni.com		Brian Ninni	(ninni.b)
http://conorao.com/			Conor Odell		(odell.co)
http://danperruzzi.com		Dan Perruzzi	(perruzzi.d)
http://alexseeto.com		Alexander Seeto (seeto.a)
http://kelseysimmons.com	Kelsey Simmons	(simmons.k)
http://souveycs4550.com/index.html	Christopher Souvey	(souvey.c)
http://www.incepted.us		Robert J Steinbach	(steinbach.r)
http://www.tsujics4550.com	Joshua Tsuji	(tsuji.j)
http://venturacs4550.com	Allison Ventura	(ventura.a)
http://www.cnmmlgbd.com		Zhenyu Wang		(wang.zhe)