http://ltacosta.com					Lennon Acosta	(acosta.l)
http://cs4550.nickalekhine.com/		Nick Alekhine	(alekhine.n)
http://gregbalek.com/index2.html	Greg Balek	(balek.g)
http://www.natebessa.com/cs4550/	Nate Bessa		(bessa.n)
http://www.chenkevin.com/			Kevin Chen	(chen.kev)
http://www.jesuscheng.com/			Jesus Cheng Pan	(chengpan.j)
http://samdoylecs4550.com/			Sam Doyle	(doyle.sa)
http://nhahncs.com/					Nathaniel Hahn	(hahn.n)
http://yevarshra.com/cs4550/		Jacob Hilker	(hilker.j)
http://www.danielkjin.com			Daniel Jin	(jin.d)
http://kinglythings.com				Matthew king	(king.matthew)
http://www.jonathanedmundlane.com/webDev/index.php	Jonathan Lane	(lane.jo)
http://wjlee.me						Wanfung lee	(lee.wanf)
http://www.hyphnKnight.com			Rafe Lepre	(lepre.r)
http://cs4550.krinjalinc.com		Kshitij Raj Lohani	(lohani.k)
http://tommeng.com					Thomas Meng	(meng.t)
http://scrattatat.com				Lori Monteleone	(monteleone.l)
http://cs4550anader.com				Andrew Nader	(nader.a)
http://ernoyes.com					Evan Noyes	(noyes.e)
http://wheysolutions.com			Kevin O'Leary	(oleary.kev)
http://cs4550sp.com/				Sarah Parker	(parker.sar)
http://www.sirbraydon.com			Brayden Puddington	(puddington.b)
http://savannahreiff.com/			Savannah Reiff	(reiff.s)
http://Eduardoromeiro.com			Eduardo Romeiro	(romeiro.e)
http://tylerrosini.com				Tyler Rosini	(rosini.t)
http://www.michaelsaccone.com.		Michael Saccone	(saccone.m)
http://adamsasi.com					Adam Sasi(sasi.a)
http://jonathanscorzelli.com/index.html	Jonathan Scorzelli	(scorzelli.jo)
http://Dsimond.com					Daniel Simond	(simond.d) 
http://qimengsong.com/				Qimeng Song	(song.q)
http://scottsurette.com				Scott Surette	(surette.s)
http://www.cungtv.com				Cung Tran	(tran.cun)
http://www.jeffreytung.org			Jeffrey Tung	(tung.j)
http://www.chungvuong.com/			Chung Vuong	(vuong.c)
http://www.bardwang.com/			Xun Wang	(wang.xun)